{
    "EMAIL": "dat-perftest-01@test.mckinsey.id", "USER_NAME": "dat-perftest-01@test.mckinsey.id",
    "PROGRAM_ID_SYNC_USERS": 1659, "SYNC_USER_FAILED_PROGRAM_ID": 1768, "SYNC_USER_FAILED_COURSE_ID": 12283,
    "CLIENT_ID": "0oa4ag4ik0KXbJQFx0i7", "PASSWORD": "YtlW5tvmMwG2LHZtqvllXPoHwQgFB63G", "LP_CONFIG_ID": 3150,
    "PROGRAM_ID_NO": 3070, "CONFIG_ID_NO": "TEST_YESCHANNEL_JUL22", "ENROLLED_SESSION_PROGRAM_ID": 1775,
    "AUTHORIZATION_KEY": "aus3v6c0spzCGabxZ0i7", "ADMIN_BASE_URL": "https://admin-demo.mckinseyaccelerate.com/",
    "MCKID_BASE_URL": "https://mckid-hub.okta-emea.com", "CHANNEL_ID": "3070", "REP_CONFIG_ID": 0,
    "CHANNEL_NAME": "Program has channel for testing only", "CHANNEL_ID_VALUE": 2097, "PROGRAM_WITH_NO_CHANNEL": "3071",
    "LP_CONFIG_ID_WITHOUT_CHANNEL": 3151, "CONFIG_ID_WITHOUT_CHANNEL": "TEST_NOCHANEL_JUL22", "DOCEBO_LP_ID_LTI":3290,
    "ASSETS_IDS": [693, 692, 655, 632], "ASSETS_TYPES_IDS": [7, 5, 4, 1], "PROGRAM_WAVE_ID": 1247,
    "ASSETS_TYPES_INFO": ["image", "pdf", "powerpoint", "video"], "PROGRAM_ID_ALREADY_REP": 3070,
    "CONFIG_ID_ALREADY_REP": "", "LP_CONFIG_ID_ALREADY_REP": "", "LP_CONFIG_ID_NO_COURSE": "",
    "SCORM_RELEASE_ID": "6204a3d7059e6", "LP_CONFIG_ID_OF_31_COURSES": "", "LP_CONFIG_ID_WITH_181_COMPONENTS": "",
    "LP_CONFIG_ID_WITH_11_TMS": "", "PROGRAM_WITH_EMPTY_SESSION": 3115, "ASSIGNMENT_COURSE_ID": "", "ASSIGNMENT_LO_ID": "",
    "ASSIGNMENTS_ID": "", "DOCEBO_LMS_URL": "", "GROUP_WORK": "", "CONTENT_MANAGEMENT_LP_ID":3991,
    "CONTENT_MANAGEMENT_LP_CODE": "TEST_CONTENTMANAGEMENT_JAN23", "MOVE_USER_LP": 2065,
    "CONTENT_MANAGEMENT_COPY_COURSE_ID": 22829, "UPDATE_CONTENT_MANAGEMENT_COURSE": 23150,
    "NEW_GROUP_WORK": "TEST_SYNCSESSION_JAN16 ; Test_Automation_Assignment", "VENUS_LOCATION": ["Johannesburg"],
    "WAVE_ID": 264, "ENROLLED_SESSION_PROGRAM_NAME": "TEST_SYNCENROLLSESSION_JAN23",
    "TARGET_EC_CODE": "DEF_TEST_SYNCSESSION_JAN16", "USERS_WAVE_ID": 2288,
    "WAVE_EMAIL_ID": "ntst_user2997@mailinator.com", "USER_COUNT": 215,
    "LTI_BASE_URL": "https://demo-lti.mckinseyaccelerate.com/journal/",
    "LTI_PROGRAM_NAME": "[Do not Delete] Sync Enroll Session", "LTI_LP_ID": 167, "EXISTING_DOCEBO_LTI_LP_ID": 1791
}
