{
    "EMAIL": "dat-testuser-01@test.mckinsey.id", "USER_NAME": "dat-testuser-01@test.mckinsey.id", "LP_CONFIG_ID": 1351,
    "PROGRAM_ID_SYNC_USERS": 3762, "SYNC_USER_FAILED_PROGRAM_ID": 3924, "SYNC_USER_FAILED_COURSE_ID": 22526,
    "CLIENT_ID": "0oa4ag4ik0KXbJQFx0i7", "PASSWORD": "TQUk+x1bH=9I1GB=pZ0SZDTU8IoAntB2",
    "ENROLLED_SESSION_PROGRAM_ID": 3867, "AUTHORIZATION_KEY": "aus3v6c0spzCGabxZ0i7", "PROGRAM_ID_NO": 1912,
    "CONFIG_ID_NO": "TEST_Replication_MAY22",  "ADMIN_BASE_URL": "https://admin-qa.mckinseyaccelerate.com/",
    "MCKID_BASE_URL": "https://mckid-hub.okta-emea.com", "PROGRAM_WAVE_ID": 1978, "DOCEBO_LP_ID_LTI":3290,
    "CHANNEL_ID": "1912", "REP_CONFIG_ID": 1423, "CHANNEL_ID_VALUE": 970, "ASSIGNMENTS_ID": 1058,
    "VENUS_LOCATION": ["McKinsey NYO"], "CHANNEL_NAME": "Replication Testing 01", "PROGRAM_WITH_NO_CHANNEL": "1913",
    "LP_CONFIG_ID_WITHOUT_CHANNEL": 1352, "CONFIG_ID_WITHOUT_CHANNEL": "TEST_Replication_NC_MAY22",
    "ASSETS_IDS": [5249, 5233, 5183, 5254], "ASSETS_TYPES_IDS": [5, 7, 4, 1], "LTI_PROGRAM_NAME": "[Do not Delete] Sync Users",
    "ASSETS_TYPES_INFO": ["pdf", "image", "powerpoint", "video"], "ASSIGNMENT_LO_ID": 52388,
    "LP_CONFIG_ID_NO_COURSE": 1495, "PROGRAM_ID_ALREADY_REP": 1992, "CONFIG_ID_ALREADY_REP": "test_05",
    "LP_CONFIG_ID_ALREADY_REP": 1431, "SCORM_RELEASE_ID": "6204a3d7059e6", "LP_CONFIG_ID_OF_31_COURSES": 1550,
    "LP_CONFIG_ID_WITH_181_COMPONENTS": 1551, "LP_CONFIG_ID_WITH_11_TMS": 1553,
    "ASSIGNMENT_COURSE_ID": "", "DOCEBO_LMS_URL": "", "GROUP_WORK": "", "PROGRAM_WITH_EMPTY_SESSION": 3115,
    "CONTENT_MANAGEMENT_LP_ID":3991, "CONTENT_MANAGEMENT_LP_CODE": "TEST_CONTENTMANAGEMENT_JAN23", "MOVE_USER_LP": 2065,
    "CONTENT_MANAGEMENT_COPY_COURSE_ID": 22829, "UPDATE_CONTENT_MANAGEMENT_COURSE": 23150,
    "NEW_GROUP_WORK": "TEST_SYNCSESSION_JAN16 ; Test_Automation_Assignment", "WAVE_ID": 264,
    "ENROLLED_SESSION_PROGRAM_NAME": "TEST_SYNCENROLLSESSION_JAN23", "TARGET_EC_CODE": "DEF_TEST_SYNCSESSION_JAN16",
    "USERS_WAVE_ID": 2288, "WAVE_EMAIL_ID": "ntst_user2997@mailinator.com", "USER_COUNT": 201, 
    "LTI_BASE_URL": "https://qa-lti.mckinseyaccelerate.com/journal/", "LTI_PROGRAM_NAME": "[Do not Delete] Sync Users",
    "LTI_LP_ID": 232, "EXISTING_DOCEBO_LTI_LP_ID": 2543
}