{
    "EMAIL": "dat-perftest-01@test.mckinsey.id", "USER_NAME": "dat-perftest-01 dat-perftest-01", "LP_CONFIG_ID": 1139,
    "PROGRAM_ID_SYNC_USERS": 1659, "SYNC_USER_FAILED_PROGRAM_ID": 1768, "SYNC_USER_FAILED_COURSE_ID": 12283,
    "CLIENT_ID": "0oa3v6c0rpmhsIs0p0i7", "PASSWORD": "YtlW5tvmMwG2LHZtqvllXPoHwQgFB63G",
    "PROGRAM_ID_NO": 1115, "CONFIG_ID_NO": "TEST_YESCHANNEL_JUL22", "ENROLLED_SESSION_PROGRAM_ID": 1775,
    "ADMIN_BASE_URL": "https://admin-stg.mckinseyaccelerate.com/", "MCKID_BASE_URL": "https://mckid-hub.okta-emea.com",
    "CHANNEL_ID": "1115", "REP_CONFIG_ID": 1161, "CHANNEL_NAME": "Program has channel for testing only",
    "PROGRAM_WITH_NO_CHANNEL": "1116", "CHANNEL_ID_VALUE": 556, "LP_CONFIG_ID_WITHOUT_CHANNEL": 1140,
    "CONFIG_ID_WITHOUT_CHANNEL": "TEST_NOCHANEL_JUL22", "ASSETS_IDS": [693, 692, 655, 632],
    "VENUS_LOCATION": ["Johannesburg"], "ASSETS_TYPES_IDS": [7, 5, 4, 1], "AUTHORIZATION_KEY": "aus3v6c0spzCGabxZ0i7",
    "ASSETS_TYPES_INFO": ["image", "pdf", "powerpoint", "video"], "PROGRAM_ID_ALREADY_REP": 1159,
    "CONFIG_ID_ALREADY_REP": "TEST_REPNC_JUL22", "LP_CONFIG_ID_ALREADY_REP": 1183, "LP_CONFIG_ID_NO_COURSE": 1164, 
    "SCORM_RELEASE_ID": "6204a3d7059e6", "LP_CONFIG_ID_OF_31_COURSES": 1185, "LP_CONFIG_ID_WITH_181_COMPONENTS": 1186,
    "LP_CONFIG_ID_WITH_11_TMS": 1187, "ASSIGNMENT_COURSE_ID": 11171, "ASSIGNMENT_LO_ID": 24726, "ASSIGNMENTS_ID": 1234,
    "DOCEBO_LMS_URL": "https://mckinseysandbox3.docebosaas.com/", "PROGRAM_WAVE_ID": 1247,
    "GROUP_WORK": "TEST_YESCHANNEL_JUL22 ; Test_Automation_Assignment", "PROGRAM_WITH_EMPTY_SESSION": 1767,
    "CONTENT_MANAGEMENT_LP_ID":2043,"NEW_GROUP_WORK": "TEST_SYNCENROLLSESSION_JAN23 ; Test_Automation_Assignment",
    "CONTENT_MANAGEMENT_LP_CODE": "TEST_CONTENTMANAGEMENT_JAN23", "CONTENT_MANAGEMENT_COPY_COURSE_ID": 13388,
    "UPDATE_CONTENT_MANAGEMENT_COURSE": 13390, "WAVE_ID": 1928, "MOVE_USER_LP": 2065,
    "ENROLLED_SESSION_PROGRAM_NAME": "TEST_SYNCENROLLSESSION_JAN23", "TARGET_EC_CODE": "cl_of_230101_46",
    "USERS_WAVE_ID": 2288, "WAVE_EMAIL_ID": "ntst_user2997@mailinator.com", "USER_COUNT": 215, 
    "LTI_BASE_URL": "https://stg-lti.mckinseyaccelerate.com/journal/", "DOCEBO_LP_ID_LTI": 1799, 
    "LTI_PROGRAM_NAME": "[Do not Delete] Sync Enroll Session", "LTI_LP_ID": 167, "EXISTING_DOCEBO_LTI_LP_ID": 1791
}