[
    {
      "name": "Ignored tests", 
      "matchedStatuses": ["skipped"] 
    },
    {
      "name": "Infrastructure problems",
      "matchedStatuses": ["broken", "failed"],
      "messageRegex": ".*bye-bye.*" 
    },
    {
      "name": "Outdated tests",
      "matchedStatuses": ["broken"],
      "traceRegex": ".*FileNotFoundException.*" 
    },
    {
      "name": "Product defects",
      "matchedStatuses": ["failed"]
    },
    {
      "name": "Test defects",
      "matchedStatuses": ["broken"]
    }
  ]